full_name,street,city,state,zip
Hugh Jenner,3 Rowland Street,Hyattsville,Maryland,20784
Jordain Das,34 Shoshone Alley,Las Vegas,Nevada,89140
Neville Rumin,50488 Fordem Court,Washington,District of Columbia,20430
Dennis Angrave,801 Jay Junction,Birmingham,Alabama,35285
Hailey Human,8 West Junction,Washington,District of Columbia,20005
Jesse Vobes,4 Sauthoff Crossing,Anaheim,California,92825
Vivien Prebble,0 Hanover Circle,Washington,District of Columbia,20392
Alyse Stonall,841 Gulseth Pass,Sacramento,California,95852
Honoria Ramelet,64 East Road,Omaha,Nebraska,68124
Odelle Joysey,25 Spaight Circle,West Palm Beach,Florida,33416
Katleen Norridge,3 Oak Valley Plaza,Knoxville,Tennessee,37939
Karlen Lorinez,083 Caliangt Avenue,Saginaw,Michigan,48609
Beatrix Livett,9 Mallard Pass,San Jose,California,95150
Wylma Wilkin,6 Springview Crossing,Las Vegas,Nevada,89130
Onfre Glazer,2 Village Green Plaza,Houston,Texas,77005
Terza Lovekin,05892 4th Plaza,Washington,District of Columbia,20062
Hamilton Grzeszczyk,4857 Rowland Avenue,Springfield,Illinois,62723
Pietro Ransome,49839 Briar Crest Parkway,Richmond,Virginia,23225
Hatty Boteman,24473 Gerald Court,Milwaukee,Wisconsin,53215
Gabriellia Pflieger,7322 Milwaukee Lane,Houston,Texas,77293
Mamie Denisyuk,2 Buhler Street,Salt Lake City,Utah,84189
Judy Rubenovic,922 Bultman Circle,Dallas,Texas,75260
Karen Cumberland,10369 Mayfield Lane,Salem,Oregon,97306
Filippo Beniesh,6564 Springs Parkway,Spring,Texas,77386
Row Cyster,21 Boyd Court,Toledo,Ohio,43699
Alonzo Dinan,20918 Mariners Cove Hill,Kansas City,Missouri,64190
Lavina Pole,3 Moland Street,Sacramento,California,94250
Tasia Jardine,15733 Vermont Court,Kansas City,Missouri,64114
Petronella MacAvaddy,512 Center Place,Newton,Massachusetts,2162
Lydie Kitchingman,5 Kinsman Point,Columbia,South Carolina,29240
Robinette Buzzing,17 American Plaza,Honolulu,Hawaii,96820
Jordanna Peck,3390 Springs Pass,Littleton,Colorado,80126
Junina Meak,36082 Union Alley,Youngstown,Ohio,44511
Abelard Skym,94806 Sycamore Center,Waco,Texas,76705
Ricard Macourek,81 Dawn Center,San Jose,California,95133
Jereme Frier,1 Forest Plaza,Phoenix,Arizona,85062
Rosita Jansik,1677 High Crossing Court,Orlando,Florida,32813
Georas Cosgrave,85098 Burrows Alley,Atlanta,Georgia,30386
Ardyce Kesley,4314 Vahlen Lane,Hayward,California,94544
Beatrisa Musso,1 Westend Way,Detroit,Michigan,48295
Antons Alpine,9 Carioca Way,West Hartford,Connecticut,6127
Deva Brocks,5101 Pond Parkway,New York City,New York,10004
Darb Crick,21 Hallows Avenue,Washington,District of Columbia,20392
Darell Tredger,32 Independence Way,Boston,Massachusetts,2216
Judi Jagiela,101 Bartelt Place,Phoenix,Arizona,85040
Crystie Lorait,67431 Transport Drive,Charlotte,North Carolina,28235
Toby Cowmeadow,43 Rockefeller Trail,Charlotte,North Carolina,28272
Piggy Jeske,182 Oak Center,Spokane,Washington,99205
Vinson Steketee,2336 Nelson Point,Fort Lauderdale,Florida,33320
Roderic Gripton,21794 Brown Center,Des Moines,Iowa,50315
Ester MacKimm,02 Evergreen Road,Harrisburg,Pennsylvania,17105
Georgie Knibbs,0295 Fuller Parkway,Detroit,Michigan,48232
Bartram Uman,4 Graedel Avenue,Los Angeles,California,90060
Jilly Rochford,08 Garrison Parkway,Bronx,New York,10459
Martyn Hirtzmann,42 Longview Center,Syracuse,New York,13210
Benn Southerill,2811 Hovde Junction,Lincoln,Nebraska,68505
Kirbee Sponder,74948 Fulton Crossing,New York City,New York,10034
Alexi Loram,0 Shasta Pass,Miami,Florida,33124
Reina Vowdon,08298 Trailsway Point,Santa Fe,New Mexico,87505
Chantalle Janicek,04 Nancy Hill,Dallas,Texas,75287
Orelle Bromley,9567 Hollow Ridge Point,Decatur,Illinois,62525
Larissa Sumption,817 Fisk Center,Bradenton,Florida,34282
Tania Faraday,140 Sunbrook Alley,Garden Grove,California,92645
Ivar De Beauchamp,2 Menomonie Lane,Lake Charles,Louisiana,70607
Derron Evensden,56530 Morning Court,Amarillo,Texas,79176
Beverie Royse,47 Burrows Point,Sacramento,California,94291
Lyell De Carlo,9487 Sunfield Trail,Austin,Texas,78764
Freemon Larvor,588 Northwestern Crossing,Youngstown,Ohio,44505
Cyrus MacCosty,2332 Kropf Pass,Indianapolis,Indiana,46254
Penrod Rillatt,6536 Delaware Junction,Boise,Idaho,83757
Corrianne Pettitt,43 Manufacturers Pass,Huntsville,Alabama,35805
Claudius Aldritt,3015 Caliangt Crossing,Clearwater,Florida,34620
Poul Antonsson,2658 Menomonie Hill,Tulsa,Oklahoma,74170
Mathew Booty,21039 Cottonwood Plaza,Toledo,Ohio,43656
Bevon Scollick,577 Karstens Avenue,Tacoma,Washington,98442
Sean Castell,0 Meadow Ridge Way,Albuquerque,New Mexico,87105
Tiffany Iacovucci,14 Fremont Avenue,Orlando,Florida,32830
Arda Leydon,3 Kings Way,Spring,Texas,77388
Farica Freegard,55 Morningstar Pass,Dayton,Ohio,45454
Corty Riden,5 Anderson Road,San Diego,California,92186
Jeth Snailham,9 Jenna Court,Albuquerque,New Mexico,87121
Lucias Rosebotham,475 Oak Park,Aurora,Colorado,80015
Broderick Paulley,05 Eagan Way,Hartford,Connecticut,6140
Gaston Zapata,55 Fieldstone Place,South Lake Tahoe,California,96154
Dolli Fiander,8214 East Drive,Topeka,Kansas,66667
Terra Burl,911 Arizona Terrace,Peoria,Illinois,61640
Shir Potticary,9991 Anthes Way,Grand Rapids,Michigan,49510
Lilllie Heartfield,1631 Muir Terrace,Greenville,South Carolina,29605
Michaelina Calverley,18 Pine View Parkway,Torrance,California,90505
Josie Bigham,23613 Barnett Avenue,San Angelo,Texas,76905
Ulrica Warde,406 Caliangt Lane,Wilmington,Delaware,19886
Drew Sneesbie,5842 Jay Street,El Paso,Texas,88546
Husain Quiney,1828 Luster Crossing,Aiken,South Carolina,29805
Umeko McUre,8 Stoughton Parkway,Springfield,Illinois,62756
Lorrayne Tozer,586 Miller Lane,Birmingham,Alabama,35236
Vernen Farnes,2 Warner Circle,Fresno,California,93773
Tiertza Lawful,989 Northridge Avenue,Pomona,California,91797
Bethany McCue,32 Harper Trail,Irvine,California,92717
Dexter Tolomei,0 Fulton Parkway,Jersey City,New Jersey,7310
Francklyn Fossett,08 Ludington Drive,Charlotte,North Carolina,28225
